{
    "timestamp": "2025-01-04T21:09:57.956083",
    "scores": {
        "sc_ref": 0.5016933133811137,
        "mc_ref": 0.6139822643844091,
        "sc_wp": 0.6707789918928445,
        "mc_wp": 0.8036322360953462,
        "sc_temp": 0.7671558905196351,
        "mc_temp": 0.8235604860010566
    }
}