{
    "timestamp": "2025-01-03T09:21:11.341242",
    "scores": {
        "sc_ref": 0.5429700483805443,
        "mc_ref": 0.6275958302552738,
        "sc_wp": 0.7160929685201529,
        "mc_wp": 0.8221448698823139,
        "sc_temp": 0.8300304878048781,
        "mc_temp": 0.8670520231213873
    }
}