{
    "timestamp": "2025-01-03T22:13:41.101966",
    "scores": {
        "sc_ref": 0.517164545488878,
        "mc_ref": 0.6606181165397118,
        "sc_wp": 0.6838931955211025,
        "mc_wp": 0.7956281584204958,
        "sc_temp": 0.7675994108983799,
        "mc_temp": 0.8250950570342206
    }
}